{"cameraMode":{"drawMode":0,"name":"Shaded","section":"Shading Mode"},"sceneLighting":true,"audioPlay":false,"sceneViewState":{"m_AlwaysRefresh":false,"showFog":true,"showSkybox":true,"showFlares":true,"showImageEffects":true,"showParticleSystems":true,"showVisualEffectGraphs":true,"m_FxEnabled":true},"in2DMode":false,"pivot":{"x":0.8751888275146484,"y":-1.408281683921814,"z":5.038994312286377},"rotation":{"x":-0.2594020664691925,"y":-0.15220217406749726,"z":0.041437067091464999,"w":-0.9528017640113831},"size":2.0971240997314455,"orthographic":false}